employee_id,date,base_code,actual_code
EMP101,2023-01-15,SW,Lo
EMP101,2023-02-10,SW,Lo
EMP101,2023-03-20,SW,Lo
EMP101,2023-05-01,SW,skp
EMP101,2023-08-10,SW,LT
EMP101,2023-11-15,SW,IANS
EMP101,2024-01-10,SW,skp
EMP101,2025-03-15,SW,Lo
EMP101,2025-06-01,SW,skp
EMP101,2025-06-02,SW,skp
EMP101,2025-08-15,SW,IANS
EMP101,2025-10-10,SW,LT
EMP101,2026-02-15,SW,LTNC
EMP102,2025-01-10,SW,IANS
EMP102,2025-01-11,SW,LTNC
EMP103,2025-01-01,SW,SW
EMP104,2025-06-05,SW,Lo
EMP104,2025-07-10,SW,Lo
EMP104,2025-08-15,SW,Lo
EMP104,2026-01-15,SW,IANS
EMP104,2026-02-20,SW,LTNC
EMP104,2026-03-10,SW,LT
EMP104,2026-04-15,SW,LT
EMP105,2025-11-10,SW,Lo
EMP105,2026-01-20,SW,IANS
EMP105,2026-02-25,SW,LTNC
EMP105,2026-03-30,SW,LTNC
EMP106,2024-05-10,SW,LTDR
EMP106,2024-09-12,SW,LTDR
EMP106,2025-03-04,SW,skps
EMP107,2025-11-05,SW,Lo
EMP107,2025-12-10,SW,Lo
EMP107,2026-01-15,SW,Lo
EMP107,2026-03-20,SW,Lo
EMP108,2025-11-10,SW,Lo
EMP108,2025-12-05,SW,LTNC
EMP108,2026-01-20,SW,LT
EMP109,2024-11-20,DTO,DO
EMP109,2025-02-10,DTO,DO
EMP110,2025-07-01,SW,SW
